site_name,date,site_UTM,site_UTM_error,weather,no_researchers,researcher_initials,start_air_temp,end_air_temp,start_time,end_time,species,snake_id_no,snake_UTM,snake_UTM_error,capture_time,SFD_body_swab_ID,no_lesions,SFD_lesion_swab_ID,age (A/J),sex (M/F),mass_g,svl_mm,total_length_mm,no_photographs,photo_ids,live_dead_frozen_skin,tick_sample_id,comments
Vett Llyod Property(Quarry),2022-05-13,20T 0400072 UTM 5081078,3,Partially Cloudy,4,"JLR,JAB,IA,AM",21.3,NA,10:20,01:00,Maritime Garder,1,20T 0400074 UTM 5081079,1.8,10:20,"B_001,Bd_001",0,NA,J,NA,3.71,179,220,7,C61-C67,live,NA,"First snake,small poteintial lesions on head(refer to photo)"
Vett Llyod Property(Quarry),2022-05-13,20T 0400072 UTM 5081078,3,Partially Cloudy,4,"JLR,JAB,IA,AM",21.3,NA,10:20,01:00,Red Belly,2,20T 0400054 UTM 5081045,1.8,11:00,"B_002,Bd_002",0,NA,A,F,5.33,189,222,11,C68-C78,live,NA,"Missing right eye,light coloration,copper brown"
Vett Llyod Property(Quarry),2022-05-13,20T 0400072 UTM 5081078,3,Partially Cloudy,4,"JLR,JAB,IA,AM",21.3,NA,10:20,01:00,Maritime Garder,3,20T 0399982 UTM 5081045,1.8,12:30,"B_003,Bd_003",0,NA,J,NA,3.59,166,208,3,C79-C81,live,NA,Scar on ventral side near cloaca
Vett Llyod Camper Area/barn,2022-05-18,20T 0400042 UTM 5081280,6,"Cool,cloudy,windy",2,"IA,AM",16.6,18,09:29,11:30,Maritime Garder,4,20T 0400042 UTM 5081280,6,09:45,"B_004,Bd_004",3,"L_004,Ld_004",A,F,35,343,421,8,C103-C110,live,NA,Few nicks on underbelly
Ogden Brook Loop ,2022-05-19,20T 0390316 UTM 5087760,9,Sunny/warm,2,"IA,AM",25.9,23.9,NA,02:45,Maritime Garder,5,20T 0390316 UTM 5087760,9,02:18,"B_005,Bd_005",0,NA,A,F,39.5,380,485,7,C96-C102,live,NA,Dark green coloration found active
Quarry Lane,2022-05-26,20T 0392987 UTM 5083725,3,Sunny/few clouds,2,"IA,AM",16.5,NA,09:10,11:55,Maritime Garder,6,20T 0392982 UTM 5083710,5,10:39,"B_006,Bd_006",0,NA,J,NA,18.2,281,370,4,C82-C85,live,NA,Interesting side pattern.Found out in the open
Quarry Lane,2022-05-26,20T 0392987 UTM 5083725,3,Sunny/few clouds,2,"IA,AM",16.5,NA,09:10,11:55,Maritime Garder,7,20T 0392987 UTM 5083725,5,11:19,"B_007,Bd_007",0,NA,J,NA,19.1,286,304.5,10,C86-C95,live,NA,Missing tail(see photos).Found beside snake shed (finishing shed).Tip of tail was black.Found in the open
Mill Creek ,2022-05-30,20T 0363130 UTM 5101758,14,Warm/cloudy,2,"IA,AM",NA,NA,08:45,02:15,Maritime Garder,8,20T 0391358 UTM 5089165,3,08:53,"B_008,Bd_008",0,NA,A,F,118.5,417,552.5,13,"C1,C2,C11,C12,C17,C23,C25,C28,C30,C35,C36,C57,C58",live,NA,Ate something(lump in stomach)
Mill Creek ,2022-05-30,20T 0363130 UTM 5101758,14,Warm/cloudy,2,"IA,AM",NA,NA,08:45,02:15,Maritime Garder,9,20T 0363760 UTM 5102206,4,10:21,"B_009,Bd_009",0,NA,A,F,51,309,410,7,"C16,C21,C37,C40,C41,C47",live,NA,"Gash in body,lost teeth on hand "
Mill Creek ,2022-05-30,20T 0363130 UTM 5101758,14,Warm/cloudy,2,"IA,AM",NA,NA,08:45,02:15,Maritime Garder,10,20T 0363760 UTM 5102206,4,10:35,"B_010,Bd_010",1,"L_010,Ld_010",J,NA,10,284,347,8,"C6,C18-C20,C44,C45,C52,C60",live,NA,NA
Mill Creek ,2022-05-30,20T 0363130 UTM 5101758,14,Warm/cloudy,2,"IA,AM",NA,NA,08:45,02:15,Maritime Garder,11,20T 0363754 UTM 5102213,4,11:05,"B_011,Bd_011",0,NA,J,NA,12,303,375,5,"C13,C22,C27,C49,C55",live,NA,NA
Mill Creek ,2022-05-30,20T 0363130 UTM 5101758,14,Warm/cloudy,2,"IA,AM",NA,NA,08:45,02:15,Maritime Garder,12,20T 0363784 UTM 5102189,4,11:55,"B_012,Bd_012",1,"L_012,Ld_011",A,M,51,387,480,11,"C14,C24,C29,C32,C34,C42,C43,C48,C53,C54,C59",live,NA,Found behind bathroom
Mill Creek ,2022-05-30,20T 0363130 UTM 5101758,14,Warm/cloudy,2,"IA,AM",NA,NA,08:45,02:15,Maritime Garder,13,20T 0363784 UTM 5102189,4,12:20,"B_013,Bd_013",0,NA,J,NA,49.5,265,315.5,5,"C3,C15,C26,C33,C56",live,NA,Found behind bathroom
Mill Creek ,2022-05-30,20T 0363130 UTM 5101758,14,Warm/cloudy,2,"IA,AM",NA,NA,08:45,02:15,Maritime Garder,14,20T 0363763 UTM 5102015,4,01:05,"B_014,Bd_014",1,"L_014,Ld_014",A,M,28,363,460,11,"C4,C5,C7,C8,C10,C31,C38,C39,C46,C50,C51",live,NA,"Dried crusty scales ,upper dorsal area of snake"
Mta farm,2022-06-02,20T 0392613 UTM 5084265,5,Sunny/few clouds/warm,2,"IA,AM",15,NA,01:30,04:00,Red Belly,15,20T 0392574 UTM 5084244,3,01:45,"B_015,Bd_015",0,NA,J,NA,5,157.5,190.5,13,"C117,C119,C120-C122,C125,C131-C133,C138,C141,C144,C145",live,NA,NA
Mta farm,2022-06-02,20T 0392613 UTM 5084265,5,Sunny/few clouds/warm,2,"IA,AM",15,NA,01:30,04:00,Maritime Garder,16,20T 0392574 UTM 5084244,3,02:35,"B_016,Bd_016",1,"L_016,Ld_016",A,F,40.5,425,512,11,"C114-C116,C124,C130,C134,C135,C137,C139,C142,C146",live,NA,NA
Mta farm,2022-06-02,20T 0392613 UTM 5084265,5,Sunny/few clouds/warm,2,"IA,AM",15,NA,01:30,04:00,Red Belly,17,20T 0392574 UTM 5084244,3,02:35,"B_017,Bd_017",0,NA,A,M,9,215,275.5,12,"C111-C113,C118,C123,C126-C129,C136,C140,C143",live,NA,NA
Mill Creek nature park,2022-06-06,20T 0363130 UTM 5101758,14,"Cloudy,wet,cool",2,"IA,AM",10,17,09:10,02:45,Maritime Garder,18,20T 0392596 UTM 5084260,6,12:10,"B_018,Bd_018",0,NA,A,M,40,395,493,4,C147-C150,live,NA,"Old Injury on tail,felt cold,very defensive"
Mill Creek nature park,2022-06-06,20T 0363130 UTM 5101758,14,"Cloudy,wet,cool",2,"IA,AM",10,17,09:10,02:45,Maritime Garder,19,20T 0364094 UTM 5102395,4,02:00,"B_019,Bd_019",0,NA,A,F,30.5,439,540.5,8,C151-C159,live,NA,Skinny/long
Water Treatment Plant,2022-06-08,20T 0390767 UTM 5088280,9,Light rain,2,"IA,CB",17.2,19.3,12:32,05:05,Maritime Garder,20,20T 0390915 UTM 5087431,6,02:50,"B_020,Bd_020",0,NA,A,F,51,423,518,3,C160-C162,live,NA,Minor injuries healed on lower body and tail
Water Treatment Plant,2022-06-08,20T 0390767 UTM 5088280,9,Light rain,2,"IA,CB",17.2,19.3,12:32,05:05,Maritime Garder,21,20T 0390926 UTM 5087430,4,02:55,"B_021,Bd_021",0,NA,A,F,36,396,498,11,C163-C174,live,NA,"Different coloration,yellow on top of head ,orangish face ,found close to 2 other snakes,Bulge in midsection ?Maybe a meal"
Water Treatment Plant,2022-06-08,20T 0390767 UTM 5088280,9,Light rain,2,"IA,CB",17.2,19.3,12:32,05:05,Maritime Garder,22,20T 0390926 UTM 5087430,4,02:55,"B_022,Bd_022",0,NA,A,F,69,460,567,5,C175-C179,live,NA,"Smallish tail for body size,light stripe down back ,very girthy(big girth)"
Powerlines Riverview,2022-06-24,20T 0359874 UTM 5099469,3,warm/wet,2,"IA,AM",17,18,10:20,02:50,Red Belly,23,20T 0360084 UTM 5099521,3,10:45,"B_023,Bd_023",0,NA,A,M,7,192,235,2,"C205,C206",live,NA,Healed area on back
Powerlines Riverview,2022-06-24,20T 0359874 UTM 5099469,3,warm/wet,2,"IA,AM",17,18,10:20,02:50,Red Belly,24,20T 0359878 UTM 5099466,3,11:30,"B_024,Bd_024",0,NA,A,F,7.5,193,244,5,C207-C211,live,NA,Found under rock placed on fire pit
Powerlines Riverview,2022-06-26,20T 0359874 UTM 5099469,3,Sunny/no clouds,2,"IA,AM",21,27,09:06,12:55,Maritime Garder,25,20T 0359787 UTM 5099863,5,NA,"B_025,Bd_025",0,NA,J,NA,NA,NA,NA,6,C199-C204,live,NA,"Found on land maybe without permisson,released prematurly,Found under white bucket"
Mill Creek nature park,2022-05-30,20T 0363130 UTM 5101758,4,Warm/cloudy,2,"IA,AM",NA,NA,08:45,02:15,Smooth Greensnake,26,20T 0363054 UTM 5101538,4,08:55,"B_026,Bd_026",0,NA,A,NA,NA,215,334,2,"C180,C181",live,NA,"Found dead on atv trail and immidetly put into a bag,no physical data sheet"
Powerlines Riverview,2022-06-25,20T 0359874 UTM 5099469,3,"Sunny,warm",1,IA,NA,NA,NA,NA,Unknown,27,20T 0359874 UTM 5099469,3,NA,NA,0,NA,NA,NA,NA,NA,NA,1,C183,skin,NA,"Snake skin found on free time could either be a ring necked or smooth green snake,no physical data shee"
Quarry Lane,2022-05-26,20T 0391323 UTM 5088589,3,Sunny/few clouds,2,"IA,AM",16.5,NA,09:10,11:55,Unknown,28,20T 0392987 UTM 5083725,5,11:19,NA,0,NA,NA,NA,NA,NA,NA,1,C182,skin,NA,"Snake skin found next to snake 7, might be shed from that snake,ID mentioned in photo is of the snake id it was found with it,no physical data sheet"
Atlantic Wildlife Institute,2022-06-30,20T 0398474 UTM 5097055,5,Rainy/cloudy,2,"IA,AM",NA,NA,NA,04:00,Maritime Garder,29,20T 0398478 UTM 5097021,8,04:00,"B_029,Bd_029",0,NA,A,F,76,440,540,5,C184-C188,live,NA,"Wounds down 3/12 way down body,right side,injury on back"
Lloyd Railine,2022-07-04,20T 0400020 UTM 5081414,5,"Sunny,some clouds,windy",2,"IA,AM",22,23.5,12:30,02:33,red-bellied,30,20T 0398745 UTM 5080248,5,12:47,"B_030,Bd_030",0,NA,J,NA,4,145,176,20,"C189-C198,C469-C478",live,NA,NA
Lloyd Railine,2022-07-04,20T 0400020 UTM 5081414,5,"Sunny,some clouds,windy",2,"IA,AM",22,23.5,12:30,02:33,Unknown,31,20T 0399516 UTM 5081649,3,01:56,NA,0,NA,NA,NA,NA,NA,NA,1,C213,skin,NA,"Snake skin,no physical data sheet"
Lloyd Railine,2022-07-04,20T 0400020 UTM 5081414,5,"Sunny,some clouds,windy",2,"IA,AM",22,23.5,12:30,02:33,Unknown,32,20T 0399628 UTM 5081283,3,01:56,NA,0,NA,NA,NA,NA,NA,NA,1,C214-C215,skin,NA,"Snake skin,no physical data sheet"
Lloyd Railine,2022-07-04,20T 0400020 UTM 5081414,5,"Sunny,some clouds,windy",2,"IA,AM",22,23.5,12:30,02:33,Unknown,33,20T 0399513 UTM 5081653,3,02:09,NA,0,NA,NA,NA,NA,NA,NA,1,C212,skin,NA,"Snake skin,no physical data sheet"
Lloyd Railine,2022-07-06,20T 0400020 UTM 5081414,5,Partially Cloudy,2,"IA,KD",14,13,09:05,12:01,Maritime Garder,34,20T 0399628 UTM 5081269,5,10:41,"B_034,Bd_034",0,NA,A,F,200,550,659,9,C221-C229,live,NA,"Probably meal in belly,found under really small piece of timber in full dark,2 puncture parks on tail .Missing part of tail."
Atlantic Wildlife Institute,2022-07-07,20T 0398474 UTM 5097055,5,"Partially Cloudy,sunny",2,"IA,KD",24.1,26.1,01:41,03:48,Maritime Garder,35,20T 0398475 UTM 5097026,6,01:50,"B_035,Bd_035",0,NA,A,M,72,460,553,5,C216-C220,live,NA,Black wound on high flank
173 Bridge St,2022-07-11,20T 0395282 UTM 5083026,NA,Sun with light clouds,2,"IA,CB",22.6,26.3,10:01,11:27,Maritime Garder,36,20T 0393462 UTM 5083921,NA,10:09,"B_036,BD_036",0,NA,A,M,62,420,530,10,C500-C509,live,NA,"Red spotting not seen in other sackville snakes,next to house foundation,yellow stripes on side,tail injury halfway down from cloaca,bloaches on part of belly,spotting absent past cloaca."
Powerlines Riverview,2022-07-13,20T 0359874 UTM 5099469,3,"Light clounds,dark",2,"IA,KD",22,13,09:30,04:57,Maritime Garder,37,20T 0359874 UTM 5099961,5,9:42pm,"B_037,Bd_037",0,NA,J,NA,25,292,374,4,"C241,C246,C257,C263",live,NA,Slight discolaration on body (4 spots)
Powerlines Riverview,2022-07-13,20T 0359874 UTM 5099469,3,"Light clounds,dark",2,"IA,KD",22,13,09:30,04:57,Red Bellied,38,20T 0359787 UTM 5099863,NA,10:26pm,"B_038,Bd_038",0,NA,J,NA,4,130,171,4,"C231,C239,C240,C254",live,NA,"Orange belly,caught active out at night ,found on main road near drained swamp"
Powerlines Riverview,2022-07-13,20T 0359874 UTM 5099469,3,"Light clounds,dark",2,"IA,KD",22,13,09:30,04:57,Red Bellied,39,NA,NA,11:31,"B_039,Bd_039",0,NA,NA,,NA,,,1,C498,dead,NA,"Found dead on road,in data analysis used close site UtM as place of capture."
Powerlines Riverview,2022-07-13,20T 0359874 UTM 5099469,3,"Light clounds,dark",2,"IA,KD",22,13,09:30,04:57,Red Bellied,40,20T 0358104 UTM 5099011,5,12:41am,"Bd_040,B_040",0,NA,A,M,12,168,219,2,"C235,C259",live,NA,"Orange belly,caught active out at night ,found on main road near drained swamp"
Powerlines Riverview,2022-07-13,20T 0359874 UTM 5099469,3,"Light clounds,dark",2,"IA,KD",22,13,09:30,04:57,Red Bellied,41,20T 0359312 UTM 5099332,3,1:27am,"Bd_041,B_041",0,NA,A,F,12,169,204,2,"C245,C261",live,NA,Orange belly far enough away from other snakes caught
Powerlines Riverview,2022-07-13,20T 0359874 UTM 5099469,3,"Light clounds,dark",2,"IA,KD",22,13,09:30,04:57,Smooth Greensnake,42,20T 0359353 UTM 5099337,3,1:50AM,"Bd_042,B_042",0,NA,A,F,20,267,363,4,"C247,C251,C255,C265",live,NA,Maybe gravid
Powerlines Riverview,2022-07-13,20T 0359874 UTM 5099469,3,"Light clounds,dark",2,"IA,KD",22,13,09:30,04:57,Red Bellied,43,20T 0359391 UTM 5099346,3,2:14am,"B_043,Bd_043",0,NA,J,NA,13,164,199,15,"C230,C233,C243,C244,C250",live,NA,Orange belly
Powerlines Riverview,2022-07-13,20T 0359874 UTM 5099469,3,"Light clounds,dark",2,"IA,KD",22,13,09:30,04:57,Maritime Garter,44,20T 0359471 UTM 5099346,3,2:35am,"B_044,Bd_044",0,NA,J,NA,22,283,378,20,"C253,C256,C258",live,NA,Has new scales/healed injury on upper body dark line down middle of tail scales
Powerlines Riverview,2022-07-13,20T 0359874 UTM 5099469,3,"Light clounds,dark",2,"IA,KD",22,13,09:30,04:57,Maritime Garter,45,20T 0359874 UTM 5099469,3,3:08am,"B_045,Bd_045",0,NA,J,NA,10,185,241,10,"C260,C264",live,NA,NA
Powerlines Riverview,2022-07-13,20T 0359874 UTM 5099469,3,"Light clounds,dark",2,"IA,KD",22,13,09:30,04:57,Red Bellied,46,20T 0359879 UTM 5099932,3,3:39am,"B_046,Bd_046",0,NA,A,M,12,197,236,15,"C232,C238,C252",live,NA,"Two wide black scales on upper tosro top,red belly dark color"
Powerlines Riverview,2022-07-13,20T 0359874 UTM 5099469,3,"Light clounds,dark",2,"IA,KD",22,13,09:30,04:57,Red Bellied,47,20T 0359879 UTM 5099932,3,3:39am,"B_047,Bd_047",0,NA,A,F,16,211,256,4,"C236,C242,C249,C262",live,NA,"Light tan colour with orange belly,marks on dorsal side and near cloaca,maybe gravid"
Powerlines Riverview,2022-07-13,20T 0359874 UTM 5099469,3,"Light clounds,dark",2,"IA,KD",22,13,09:30,04:57,Maritime Garter,48,20T 0359879 UTM 5099932,3,3:39am,"B_048,Bd_048",1,"L_048,Ld_048",A,M,32,340,422,3,"C234,C237,C248",live,NA,"From the nose in the forth row middle scale potiential leison ,darker spots there"
Memrancook acess road,2022-07-20,20T 0387834 UTM 5095996,20,sunny with light clouds,2,"IA,AM",NA,NA,NA,NA,Maritime Garter,49,20T 0387834 UTM 5095996,20,11:50,"B_049,Bd_049",0,NA,J,NA,6.5,276,357,2,"C266,C267",live,NA,"Found sunning,had to estimate GPS point ."
Lloyd Railine,2022-07-21,20T 0400020 UTM 5081414,5,Sunny,2,"IA,AM",13,21,06:30,09:35,Maritime Garter,50,20T 0399520 UTM 5081642,3,06:50,"B_050,Bd_050",0,NA,A,M,59,408,523,2,"C271,C272",live,NA,Light color scale on back of head
Lloyd Railine,2022-07-21,20T 0400020 UTM 5081414,5,Sunny,2,"IA,AM",13,21,06:30,09:35,Maritime Garter,51,20T 0399520 UTM 5081642,3,07:22,"B_051,Bd_051",0,NA,A,F,130,576,732,2,"C269,C280",live,NA,Full tail light spots on belly scale
Lloyd Railine,2022-07-21,20T 0400020 UTM 5081414,5,Sunny,2,"IA,AM",13,21,06:30,09:35,Maritime Garter,52,20T 0399520 UTM 5081642,3,07:22,"B_052,Bd_052",1,"L_052,Ld_052",A,M,64,490,597,2,"C270,C283",live,NA,Red on body leison on head
Lloyd Railine,2022-07-21,20T 0400020 UTM 5081414,5,Sunny,2,"IA,AM",13,21,06:30,09:35,Maritime Garter,53,20T 0399520 UTM 5081642,3,07:22,"B_053,Bd_053",1,"L_053,Ld_053",A,F,106,551,673,2,"C273,C279",live,NA,Scale deformation
Lloyd Railine,2022-07-21,20T 0400020 UTM 5081414,5,Sunny,2,"IA,AM",13,21,06:30,09:35,Maritime Garter,54,20T 0399520 UTM 5081642,3,07:22,"B_054,Bd_054",0,NA,A,F,84,398,486,3,"C274,C277,C281",live,NA,Small black bumps behind head
Lloyd Railine,2022-07-21,20T 0400020 UTM 5081414,5,Sunny,2,"IA,AM",13,21,06:30,09:35,Maritime Garter,55,20T 0399520 UTM 5081642,3,07:22,"B_055,Bd_055",0,NA,A,F,99,453,560,1,C282,live,NA,"Was shedding, collected shed aswell"
Lloyd Railine,2022-07-21,20T 0400020 UTM 5081414,5,Sunny,2,"IA,AM",13,21,06:30,09:35,Maritime Garter,56,20T 0399520 UTM 5081642,3,07:22,"B_056,Bd_056",0,NA,A,F,64,397,506,3,"C268,C275,C284",live,NA,NA
Lloyd Railine,2022-07-21,20T 0400020 UTM 5081414,5,Sunny,2,"IA,AM",13,21,06:30,09:35,Maritime Garter,57,20T 0399520 UTM 5081642,3,07:22,"B_057,Bd_057",0,NA,A,M ,76,458,567,2,"C276,C278",live,NA,Found under rock after other snakes were removed
Powerlines Riverview,2022-07-21,20T 0359874 UTM 5099469,3,Clear,2,"IA,SA",NA,NA,NA,NA,Red Bellied,58,20T 0359787 UTM 5099863,NA,9:43PM,"B_058,Bd_058",0,NA,NA,NA,NA,NA,NA,2,"C285,C286",live,NA,Found while walking trails outside of survey time
Upper Mills Acess Road,2022-07-26,19T 0632033 UTM 5002201,8,Sunny,2,"IA,AM",NA,NA,NA,NA,Red Bellied,59,19T 0399527 UTM 5081636,8,09:49,"B_059,Bd_059",0,NA,J,NA,5,144,185,5,"C288,C287",live,NA,"Found on the side of the road while driving ,under a tv"
Upper Mills Acess Road,2022-07-26,19T 0632033 UTM 5002201,8,Sunny,2,"IA,AM",NA,NA,NA,NA,Red Bellied,60,19T 0632033 UTM 5002201,6,10:15,"B_060,Bd_060",0,NA,A,F,7,180,218,4,"C290,C289",live,NA,NA
206 Synton,2022-07-28,20T 0348325 UTM 5097143,3,Clear and Sunny,2,"IA,AM",23,28,09:30,12:25,Unknown,61,20T 0348326 UTM 5097143,4,10:13,NA,NA,NA,NA,NA,NA,NA,NA,1,C291,skin,NA,"Snakeskin found during shedding,no physical data sheet"
206 Synton,2022-07-28,20T 0348325 UTM 5097143,3,Clear and Sunny,2,"IA,AM",23,28,09:30,12:25,Red Bellied,62,20T 0348325 UTM 5097143,3,10:35,"B_062,Bd_062",0,NA,A,F,10,168,210,2,"C294,C295",live,NA,"Grey discoloration,scake regrowth on anal scale found under imfltable pipe"
206 Synton,2022-07-28,20T 0348325 UTM 5097143,3,Clear and Sunny,2,"IA,AM",23,28,09:30,12:25,Maritime Garter,63,20T 0348326 UTM 5097145,3,10:35,"B_063,Bd_063",0,NA,J,NA,19,263,335,1,C296,live,NA,Found near 062
206 Synton,2022-07-28,20T 0348325 UTM 5097143,3,Clear and Sunny,2,"IA,AM",23,28,09:30,12:25,Unknown,64,20T 0348325 UTM 5097146,3,10:35,NA,NA,NA,NA,NA,NA,NA,NA,2,"C292,C293",skin,NA,"Snake skin found grass,no physical data sheet"
Summerville,2022-08-02,20T 0281998 UTM 5042339,NA,NA,1,AM,NA,NA,NA,NA,Maritime Garter,65,20T 0281998 UTM 5042339,NA,08:50,"B_065,Bd_065",NA,NA,J,NA,NA,NA,NA,1,C297,frozen,NA,"Dead snake ,no physical data sheet"
Powerlines Riverview,2022-08-11,20T 0359874 UTM 5099469,3,"Heavy cloud cover,light rain",2,"IA,CA",18,18,09:16,11:25,Maritime Garter,66,20T 0359874 UTM 5099469,3,10:37,"B_066,Bd_066",0,NA,J,NA,16,245,287,2,"C298,C299",live,NA,Has clouded eyelids prior to shedding
Baseball field,2022-08-12,20T 0319598 UTM 4841527,3,Cloudy with some sun,4,"IA,SA,SA,SA",20,20,11:15,12:00,Smooth Greensnake,67,20T 0319552 UTM 4841516,3,11:36,"B_067,Bd_067",0,NA,J,NA,4,70,80,1,C300,live,NA,"Neonate,found with  68"
Baseball field,2022-08-12,20T 0319598 UTM 4841527,3,Cloudy with some sun,4,"IA,SA,SA,SA",20,20,11:15,12:00,Smooth Greensnake,68,20T 0319522 UTM 4841516,3,11:36,"B_068,Bd_068",0,NA,J,NA,12,250,320,1,C301,live,NA,"Could be adult male,preshed liquid in eyes,does not reach adult female length,found with 67"
Baseball field,2022-08-12,20T 0319598 UTM 4841527,3,Cloudy with some sun,4,"IA,SA,SA,SA",20,20,11:15,12:00,Ring Neck,69,20T 0319598 UTM 4841527,3,11:45,"B_069,Bd_069",0,NA,J,NA,4,145,170,2,"C302,303",live,NA,Found during daylight under piece of wood
Homestead,2022-08-12,20T 0319140 UTM 4839235,5,Mostly sunny,4,"IA,SA,SA,SA",NA,NA,NA,NA,Maritime Garter,70,20T 0319140 UTM 4839235,5,01:24,"B_070,Bd_070",0,NA,A,F,42,379,397,2,"C304,C305",live,NA,"Missing most of tail,found in garden"
Lake John Road,2022-08-12,20T 0320407 UTM 4862685,NA,Cloudy with some sun,4,"IA,SA,SA,SA",20,25,02:25,04:40,Maritime Garter,71,20T 0320407 UTM 4862685,NA,02:53,"B_071,Bd_071",0,NA,A,F,96,500,613,2,"C306,C307",live,NA,NA
Lake John Road,2022-08-12,20T 0320407 UTM 4862685,NA,Cloudy with some sun,4,"IA,SA,SA,SA",20,25,02:25,04:40,Maritime Garter,72,20T 0319055 UTM 4858399,NA,03:36,"B_072,Bd_072",0,NA,A,M,96,465,570,1,C308,live,NA,Found near water
Lake John Road,2022-08-12,20T 0320407 UTM 4862685,NA,Cloudy with some sun,4,"IA,SA,SA,SA",20,25,02:25,04:40,Maritime Garter,73,20T 0321260 UTM 4862478,NA,04:41,"B_073,Bd_073",0,NA,A,M,135,577,717,2,"C309,C310",live,NA,Redish
Baseball field,2022-08-13,20T 0319598 UTM 4841527,3,Cloudy with some sun,4,"IA,SA,SA,SA",23,22,03:27,03:55,Ring Neck,74,20T 0319522 UTM 4841516,3,03:38,"B_074,Bd_074",0,NA,A,NA,10,219,300,1,C311,live,NA,NA
Mill,2022-08-14,20T 0319124 UTM 4839370,38,Cloudy,4,"IA,SA,SA,SA",NA,NQ,NA,NA,Smooth Greensnake,75,20T 0319124 UTM 4839370,38,10:39,"B_075,Bd_075",0,NA,A,NA,6,197,230,1,C312,live,NA,"Missing part of the tail,no physicla datashet."
Oxford,2022-08-18,20T 0439072 UTM 5071520,6,Partially cloudy,2,"IA,AM",22,23,10:27,01:21,Red Bellied,76,20T 0439072 UTM 5071520,6,11:30,"B_076,Bd_076",0,NA,A,F,11,226,275,1,C326,live,NA,Found in mossy forest habitat
Oxford,2022-08-18,20T 0439072 UTM 5071520,6,Partially cloudy,2,"IA,AM",22,23,10:27,01:21,Red Bellied,77,20T 0439072 UTM 5071520,6,11:30,"B_077,Bd_077",0,NA,A,M,10,183,228,2,"C329,C330",live,NA,NA
Oxford,2022-08-18,20T 0439072 UTM 5071520,6,Partially cloudy,2,"IA,AM",22,23,10:27,01:21,Red Bellied,78,20T 0439067 UTM 5071536,6,12:05,"B_078,Bd_078",0,NA,A,F,18.5,241,295,3,"C327,C328,C331",live,NA,NA
Point Pleasant,2022-08-22,20T 0455132 UTM 4941576,6,Sunny,2,"IA,SA",20,22,11:05,12:51,Ring Neck,79,20T 0455132 UTM 4941576,6,11:25,"B_079,Bd_079",0,NA,A,F,10,226,280,2,"C313,C314",live,NA,"Found with 80 and 81,damaged on 3 parts of tai"
Point Pleasant,2022-08-22,20T 0455132 UTM 4941576,6,Sunny,2,"IA,SA",20,22,11:05,12:51,Ring Neck,80,20T 0455132 UTM 4941576,6,11:25,"B_080,Bd_080",0,NA,A,M,8,228,290,2,"C315,C316",live,NA,"Found with 80 and 81,black spots down middle of belly"
Point Pleasant,2022-08-22,20T 0455132 UTM 4941576,6,Sunny,2,"IA,SA",20,22,11:05,12:51,Ring Neck,81,20T 0455132 UTM 4941576,6,12:05,"B_081,Bd_081",0,NA,A,F,10,237,305,2,"C317,C318",live,NA,"Escaped initial capture,caught later unde same rokc it was originally under"
Fredericton snake site,2022-08-23,19T 0676102 UTM 5079943,NA,Cloudy and Rainy,3,"IA,AM,GF",18,18,04:03,06:03,Maritime Garter,82,19T 0676102 UTM 5079943,NA,05:45,"B_082,Bd_082",0,NA,A,F,60,420,535,2,"C322,C323",live,NA,NA
Fredericton snake site,2022-08-23,19T 0676102 UTM 5079943,NA,Cloudy and Rainy,3,"IA,AM,GF",18,18,04:03,06:03,Maritime Garter,83,19T 0676102 UTM 5079943,NA,05:50,"B_083,Bd_083",0,NA,A,M,44,405,520,3,"C321,C324,C325",live,NA,"Injury on dorsal side of cloacea(healted),FOUND IN WOODPILE"
Fredericton snake site,2022-08-23,19T 0676102 UTM 5079943,NA,Cloudy and Rainy,3,"IA,AM,GF",18,18,04:03,06:03,Unkown,84,19T 0676102 UTM 5079943,NA,05:45,NA,NA,NA,NA,NA,NA,NA,NA,1,C484,skin,NA,Snake skin found in woodpile
Fredericton snake site,2022-08-23,19T 0676102 UTM 5079943,NA,Cloudy and Rainy,3,"IA,AM,GF",18,18,04:03,06:03,Unkown,85,19T 0676102 UTM 5079943,NA,05:45,NA,NA,NA,NA,NA,NA,NA,NA,1,C485,skin,NA,Snake skin found in woodpile
Fredericton snake site,2022-08-23,19T 0676102 UTM 5079943,NA,Cloudy and Rainy,3,"IA,AM,GF",18,18,04:03,06:03,Unkown,86,19T 0676102 UTM 5079943,NA,05:45,NA,NA,NA,NA,NA,NA,NA,NA,1,C486,skin,NA,Snake skin found in woodpile
Fredericton snake site,2022-08-23,19T 0676102 UTM 5079943,NA,Cloudy and Rainy,3,"IA,AM,GF",18,18,04:03,06:03,Unkown,87,19T 0676102 UTM 5079943,NA,05:45,NA,NA,NA,NA,NA,NA,NA,NA,1,C487,skin,NA,Snake skin found in woodpile
Fredericton snake site,2022-08-23,19T 0676102 UTM 5079943,NA,Cloudy and Rainy,3,"IA,AM,GF",18,18,04:03,06:03,Unkown,88,19T 0676102 UTM 5079943,NA,05:45,NA,NA,NA,NA,NA,NA,NA,NA,1,C488,skin,NA,Snake skin found in woodpile
Fredericton snake site,2022-08-23,19T 0676102 UTM 5079943,NA,Cloudy and Rainy,3,"IA,AM,GF",18,18,04:03,06:03,Unkown,89,19T 0676102 UTM 5079943,NA,05:45,NA,NA,NA,NA,NA,NA,NA,NA,1,C489,skin,NA,Snake skin found in woodpile
Fredericton snake site,2022-08-23,19T 0676102 UTM 5079943,NA,Cloudy and Rainy,3,"IA,AM,GF",18,18,04:03,06:03,Unkown,90,19T 0676102 UTM 5079943,NA,05:45,NA,NA,NA,NA,NA,NA,NA,NA,1,C490,skin,NA,Snake skin found in woodpile
Fredericton snake site,2022-08-23,19T 0676102 UTM 5079943,NA,Cloudy and Rainy,3,"IA,AM,GF",18,18,04:03,06:03,Smooth Greensnake,91,19T 0679206 UTM 4968839,NA,NA,"B_091,Bd_091",NA,NA,N,NA,NA,NA,NA,1,C496,frozen,NA,Found dead in pond by homeowner
Sacville mountview Road,2022-08-24,20T 0393504 UTM 5089241,3,Clear sky,2,"JBG,JLR",NA,NA,NA,NA,Maritime Gater,92,20T 0393504 UTM 5089241,3,06:00,"B_092,Bd_092",0,NA,A,F,40,397,513,2,"C319,C320",live,NA,Caught on road mountviw road @6:00
Rockwood Park,2022-09-02,19T 0729883 UTM 5022518,5,Sunny,2,"IA,SA",16,19,10:30,11:50,Maritime Gater,93,19T 0729883 UTM 5022518,5,11:17,"B_093,Bd_093",0,NA,A,F,39,398,535,4,C480-C483,live,NA,Found on manmade rock near lake
Intersection of walker rd and stanly drive,2022-09-04,20T 0391636 UTM 5087748,NA,NA,1,"JLR,JAB,IA",NA,NA,NA,NA,Maritime Gater,94,20T 0391636 UTM 5087748,NA,NA,"B_094,Bd,094",NA,NA,J,NA,NA,NA,NA,1,C497,frozen,NA,NA
Powerlines Riverview,2022-09-08,20T 0359874 UTM 5099469,3,Clear,2,"IA,SA",22,18,06:37,07:44,Maritime Garter,95,20T 0359879 UTM 5099932,NA,06:37,"B_095,BD_095",0,NA,N,NA,2,,,2,"C465,C466",live,NA,Same locstion as large snake and 2 red bellied snake rock
Powerlines Riverview,2022-09-08,20T 0359874 UTM 5099469,3,Clear,2,"IA,SA",22,18,06:37,07:44,Maritime Garter,96,20T 0393468 UTM 5083857,NA,06:48,"B_096,Bd_096",0,NA,J,NA,NA,,,2,"C467,C468",live,NA,NA
Lloyd Railine,2022-09-14,20T 0400020 UTM 5081414,5,"Sunny,wind",2,"IA,CB",19,17,02:02,03:52,Unkown,97,20T 0399516 UTM 5081635,5,2:23pm,NA,0,NA,NA,NA,NA,NA,NA,1,C491,skin,NA,NA
Ribbonsnake site 1,2022-10-14,20T 0349012 UTM 4912817,1.8,Partially Cloudy,2,"IA,LP",NA,NA,NA,NA,Northern Ribbon Snake,98,20T 0349232 UTM 4912712,1.8,2:28pm,"B_098,Bd_098",1,"L_098,Ld_098",A,M,24,403,590,17,C421-C437,live,NA,"Weight wht transmitter on,1 Poteintial leison on ventral surface"
Ribbonsnake site 1,2022-10-14,20T 0349012 UTM 4912817,1.8,Partially Cloudy,2,"IA,LP",NA,NA,03:00,04:58,Northern Ribbon Snake,99,20T 0349008 UTM 4912856,NA,4:45pm,"B_099,Bd_099",0,"L_099,Ld_099",A,NA,21,353,515,15,C438-C452,live,NA,"Sispicious swollen injury below cloaca,black discoloration,did not sex due to injury below cloaca"
Ribbonsnake site 1,2022-10-14,20T 0349012 UTM 4912817,1.8,Rainy,2,"IA,LP",NA,NA,NA,NA,Ring Necked snake,101,20T 0349012 UTM 4912817,NA,11:35,NA,0,NA,N,NA,NA,NA,NA,7,C458-C464,live,NA,"Too small to sample found during ribbon snake survey,no physical data sheet"
Ribbonsnake site 1,2022-10-15,20T 0349012 UTM 4912817,1.8,Rainy,2,"IA,LP",NA,NA,NA,NA,Northern Ribbon Snake,101,20T 0349012 UTM 4912817,NA,12:18,"B_101,Bd_101",1,"L_101,Ld_101",A,F,20,373,556,6,"C409-C414,C453-C457",live,NA,Vertical scar/necrosis spot in scale above cloaca
Ribbonsnake site 2,2022-10-15,20T 0322889 UTM 4919273,1.8,Cloudy,2,"IA,LP",NA,NA,NA,NA,Northern Ribbon Snake,102,20T 0322889 UTM 4919273,1.8,03:07,"B_102,Bd_102",0,NA,A,F,47,495,705,6,C415-C420,live,NA,Weight was done with tape and transmitter on it
"North Brookfeild,NS",NA,20T 0393588 UTM 5083400,NA,NA,2,"IA,LP",NA,NA,NA,NA,Northern Ribbon Snake,103,20T 0393588 UTM 5083400,NA,NA,"B_103,Bd_103",0,NA,NA,NA,NA,NA,NA,1,C380,frozen,NA,Skin and bones sample
"West Caledonia Rd,NS",2022--08-12,20T 0336948 UTM 4914775,NA,NA,2,"IA,LP",NA,NA,NA,NA,Northern Ribbon Snake,104,20T 0336948 UTM 4914775,NA,NA,"B_104,Bd_104",NA,NA,NA,NA,NA,NA,NA,1,C381,frozen,NA,Skin and bones sample
"1787 Hbernia Rd,Caladonia,Ns",NA,20T 0338193 UTM 4914921,NA,NA,2,"IA,LP",NA,NA,NA,NA,Northern Ribbon Snake,105,20T 0338193 UTM 4914921,NA,NA,"B_105,Bd_105",NA,NA,NA,NA,NA,NA,NA,1,C382,frozen,NA,Skin and bones sample
"Highway 8,Caladonia",2022-06-23,20T 0338576 UTM 4915801,NA,NA,2,"IA,LP",NA,NA,NA,NA,Northern Ribbon Snake,106,20T 0338576 UTM 4915801,NA,NA,"B_106,Bd_106",NA,NA,NA,NA,NA,NA,NA,1,C383,frozen,NA,Skin and bones sample
Pleasant River Bridge NS,2021-09-29,20T 0350157 UTM 4922318,NA,NA,2,"IA,LP",NA,NA,NA,NA,Northern Ribbon Snake,107,20T 0350157 UTM 4922318,NA,NA,"B_107,Bd_107",NA,NA,NA,NA,NA,NA,NA,2,"C384,C385",frozen,NA,Good for tissue sample found by Nicole tlubley
Petit rivere,NA,20T 0385297 UTM 4898337,NA,NA,2,"IA,LP",NA,NA,NA,NA,Northern Ribbon Snake,108,20T 0385297 UTM 4898337,NA,NA,"B_108,Bd_108",NA,NA,NA,NA,NA,NA,NA,1,C386,frozen,NA,"Flat no tissue ,wrong photo"
"Pleasant River Gravel Pit,ns",2022-06-02,20T 0347301 UTM 4919503,NA,NA,2,"IA,LP",NA,NA,NA,NA,Northern Ribbon Snake,109,20T 0347301 UTM 4919503,NA,NA,"B_109,Bd_109",NA,NA,NA,NA,NA,NA,NA,1,C387,frozen,NA,Skin and bones sample
"Jake's Landing Keji,NS",NA,20T 0323295 UTM 4918561,NA,NA,2,"IA,LP",NA,NA,NA,NA,Northern Ribbon Snake,110,20T 0323295 UTM 4918561,NA,NA,"B_110,Bd_110",NA,NA,NA,NA,NA,NA,NA,1,C388,frozen,NA,Skin and bones sample
"West Caledonia Rd,NS",2022-06-01,20T 0340070 UTM 4915801,NA,NA,2,"IA,LP",NA,NA,NA,NA,Northern Ribbon Snake,111,20T 0340070 UTM 4915801,NA,NA,"B_111,Bd_111",NA,NA,NA,NA,NA,NA,NA,1,C389,frozen,NA,Good tissue
Keji park,NA,20T 0323070 UTM 4919661,NA,NA,2,"IA,LP",NA,NA,NA,NA,Maritime Garter,112,20T 0323070 UTM 4919661,NA,NA,"B_112,Bd_112",NA,NA,NA,NA,NA,NA,NA,1,C390,frozen,NA,"Good tissue ,tissue sampled "
"Harmony,NS",NA,20T 0487000 UTM 5020941,NA,NA,2,"IA,LP",NA,NA,NA,NA,Red Bellied,113,20T 0487000 UTM 5020941,NA,NA,"B_113,Bd_113",NA,NA,NA,NA,NA,NA,NA,1,C391,frozen,NA,"Good tissue ,tissue sampled "
"Harmony,NS",NA,20T 0487000 UTM 5020941,NA,NA,2,"IA,LP",NA,NA,NA,NA,Ring Necked snake,114,20T 0487000 UTM 5020941,NA,NA,"B_114,Bd_114",NA,NA,NA,NA,NA,NA,NA,1,C392,frozen,NA,"Good tissue ,tissue sampled "
Keji park,2022-10-13,20T 0314830 UTM 4919117,NA,NA,2,"IA,LP",NA,NA,NA,NA,Ring Necked snake,115,20T 0324205 UTM 4916621,NA,NA,"B_115,Bd_115",NA,NA,NA,NA,NA,NA,NA,1,C393,frozen,NA,"Good tissue ,tissue sampled "
"West Caledonia Rd,NS",2021-06-02,20T 0340070 UTM 4915801,NA,NA,2,"IA,LP",NA,NA,NA,NA,Maritime Garter,116,20T 0340070 UTM 4915801,NA,NA,"B_116,Bd_116",NA,NA,NA,NA,NA,NA,NA,2,"C394,C395",frozen,NA,"Good tissue ,tissue sampled "
"Past South Brookfeild,NS",2021-06-00,20T 0347632 UTM 4901020,NA,NA,2,"IA,LP",NA,NA,NA,NA,Maritime Garter,117,20T 0347632 UTM 4901020,NA,NA,"B_117,Bd_117",NA,NA,NA,NA,NA,NA,NA,1,C396,frozen,NA,Tissue mauled
"Caledonia ,NS",NA,20T 0340070 UTM 4915801,NA,NA,2,"IA,LP",NA,NA,NA,NA,Maritime garter,118,20T 0340070 UTM 4915801,NA,NA,"B_118,Bd_118",NA,NA,NA,NA,NA,NA,NA,3,C397-C399,frozen,NA,Skin and bones-melanistic gartersnake?
"Caledonia,NS",NA,20T 0340070 UTM 4915801,NA,NA,2,"IA,LP",NA,NA,NA,NA,Maritime Garter,119,20T 0340070 UTM 4915801,NA,NA,"B_119,Bd_119",NA,NA,NA,NA,NA,NA,NA,1,C400,frozen,NA,Skin and bones-melanistic gartersnake?
"MTRI/Mant merritt rd,kempt,NS",NA,20T 0332653 UTM 4921322,NA,NA,2,"IA,LP",NA,NA,NA,NA,Red Bellied,120,20T 0332653 UTM 4921322,NA,NA,"B_120,Bd_120",NA,NA,NA,NA,NA,NA,NA,1,C401,frozen,NA,Skin and bones-melanistic gartersnake?
"MTRI/Mant merritt rd,kempt,NS",NA,20T 0337027 UTM 4921154,5,NA,2,"IA,LP",NA,NA,NA,NA,Ring Necked snake,121,20T 0337027 UTM 4921154,5,NA,"B_121,Bd_121",NA,NA,NA,NA,NA,NA,NA,1,C402,frozen,NA,Skin and bones-melanistic gartersnake?
"Windsor Junction,NS",NA,20T 0448960 UTM 4960141,NA,NA,2,"IA,LP",NA,NA,NA,NA,Red Bellied,122,20T 0448960 UTM 4960141,NA,NA,"B_122,Bd_122",NA,NA,NA,NA,NA,NA,NA,1,C403,frozen,NA,Skin and bones-melanistic gartersnake?
"MTRI/Mant merritt rd,kempt,NS",NA,20T 0332653 UTM 4921322,NA,NA,2,"IA,LP",NA,NA,NA,NA,Red Bellied,123,20T 0332653 UTM 4921322,NA,NA,"B_123,Bd_124",NA,NA,NA,NA,NA,NA,NA,1,C404,frozen,NA,"Good tissue ,tissue sampled "
"Caledonia ,NS",2022-09-26,20T 0340070 UTM 4915801,NA,NA,2,"IA,LP",NA,NA,NA,NA,Red Bellied,124,20T 0340070 UTM 4915801,NA,NA,"B_124,Bd_124",NA,NA,NA,NA,NA,NA,NA,2,"C405,C406",frozen,NA,Skin and bones-melanistic gartersnake?
"MTRI/Mant merritt rd,kempt,NS",2021-06-?,20T 0332767 UTM 4921059,NA,NA,2,"IA,LP",NA,NA,NA,NA,Red Bellied,125,20T 0332767 UTM 4921059,NA,NA,"B_125,Bd_125",NA,NA,NA,NA,NA,NA,NA,1,C407,frozen,NA,"Good tissue ,tissue sampled "
"Caledonia ,NS",NA,20T 0340070 UTM 4915801,NA,NA,2,"IA,LP",NA,NA,NA,NA,Ring Necked snake,126,20T 0340070 UTM 4915801,NA,NA,"B_126,Bd_126",NA,NA,NA,NA,NA,NA,NA,1,C408,frozen,NA,Skin and bones-melanistic gartersnake?
Mount View Road,2022-10-01,20T 0394476 UTM 5089037,NA,NA,2,"IA,LP",NA,NA,NA,NA,Maritime Garter,127,20T 0394476 UTM 5089037,NA,NA,"B_127,Bd_127",NA,NA,NA,NA,NA,NA,NA,1,C492,frozen,NA,Found freshly hit on road 
"Caledonia ,NS",2022-10-14,20T 0340070 UTM 4915801,4,NA,2,"IA,LP",NA,NA,NA,NA,Maritime Garter,128,20T 0340070 UTM 4915801,4,02:00,"B_128,Bd_128",NA,NA,NA,NA,NA,NA,NA,1,C499,dead,NA,Found freshly hit on road 
Marsh near Spikehorn Lake,2022-08-21,19T 0699841 UTM 5191292,NA,NA,2,"IA,JR",NA,NA,NA,NA,Maritime Garter,129,19T 0699841 UTM 5191292,NA,NA,"B_129,Bd_129",NA,NA,NA,NA,NA,NA,NA,1,C332,frozen,NA,NA
Kennedy Lakes PNA,2022-08-12,19T 0685373 UTM 5187050,NA,NA,2,"IA,JR",NA,NA,NA,NA,Maritime Garter,130,19T 0685373 UTM 5187050,NA,NA,"B_130,Bd_130",1,"L_130,Ld_130",NA,NA,NA,NA,NA,3,C333-C335,frozen,NA,NA
"Kennedy Lakes PNA, rt 108 below 2 sisters hills",2022-08-15,19T 0685564 UTM  5185819,NA,NA,2,"IA,JR",NA,NA,NA,NA,Maritime Garter,131,19T 0685564 UTM  5185819,NA,NA,"B_131,Bd_131",4,"L_131,Ld_131",NA,NA,NA,NA,NA,2,"C336,C337",frozen,NA,NA
"Rt. 108 below 2 Sisters Hills, Kennedy Lakes PNA",2022-08-16,19T 0685564 UTM 5185819,NA,NA,2,"IA,JR",NA,NA,NA,NA,Maritime Garter,132,19T 0685564 UTM 5185819,NA,NA,"B_132,Bd_132",NA,NA,NA,NA,NA,NA,NA,2,"C338,C339",frozen,NA,NA
"Kennedy Lakes PNA, marsh bordering Kennedy/Fowler Lake",2022-08-22,19T 0693363 UTM 5188170,NA,NA,2,"IA,JR",NA,NA,NA,NA,Maritime Garter,133,19T 0693363 UTM 5188170,NA,NA,"B_133,Bd_133",NA,NA,NA,NA,NA,NA,NA,1,C340,frozen,NA,NA
"Kennedy Lakes PNA, 13.7 km NE of Upper Peaked Mtn Lake",2022-08-15,19T 0701234 UTM 5185932,NA,NA,2,"IA,JR",NA,NA,NA,NA,Maritime Garter,134,190T 0701234 UTM 5185932,NA,NA,"B_134,Bd_134",NA,NA,NA,NA,NA,NA,NA,1,C341,frozen,NA,NA
"Kennedy Lakes PNA, near Second Fowler Lake access road",2022-08-11,19T 0693978 UTM 5187084,NA,NA,2,"IA,JR",NA,NA,NA,NA,Maritime Garter,135,19T 0693978 UTM 5187084,NA,NA,"B_135,Bd_135",NA,NA,NA,NA,NA,NA,NA,2,"C342,C343",frozen,NA,NA
"Spednic Lake PNA, Bolton Lake",2017-08-12,19T 0606891 UTM 5055957,NA,NA,2,"IA,JR",NA,NA,NA,NA,Maritime Garter,136,19T 0606891 UTM 5055957,NA,NA,"B_136,Bd_136",3,"L_136,Ld_136",NA,NA,NA,NA,NA,8,C344-C351,frozen,NA,NA
Moosehorn Park,2017,19T 0631993 UTM 4996468,NA,NA,2,"IA,JR",NA,NA,NA,NA,Common Warersnake,137,19T 0631993 UTM 4996468,NA,NA,"B_137,Bd_137",NA,NA,NA,NA,NA,NA,NA,1,C352,frozen,NA,NA
"Spednic Lake PNA, Big La Coote Stream", 2017-08-19 ,19T 0608283 UTM 5506249,NA,NA,2,"IA,JR",NA,NA,NA,NA,Maritime Garter,138,19T 0608283 UTM 5506249,NA,NA,"B_138,Bd_138",1,"L_138,Ld_138",NA,NA,NA,NA,NA,3,C353-C355,frozen,NA,NA
"Spednic Lake PNA, Bolton Lake", 2017-08-12,19T 0609546 UTM 5063217,NA,NA,2,"IA,JR",NA,NA,NA,NA,Red Bellied,139,19T 0609546 UTM 5063217,NA,NA,"B_139,Bd_139",NA,NA,NA,NA,NA,NA,NA,1,C356,frozen,NA,NA
"Georgia Pacific Road (EAST BROOK ROAD), Spednic Lake PNA",2017-08-16,19T 0616603 UTM 5061780,NA,NA,2,"IA,JR",NA,NA,NA,NA,Maritime Garter,140,19T 0616603 UTM 5061780,NA,NA,"B_140,Bd_140",NA,NA,NA,NA,NA,NA,NA,1,C357,frozen,NA,NA
Mary's Point, 2010-04-6,20T 0363859 UTM 5066893,NA,NA,2,"IA,JR",NA,NA,NA,NA,Maritime Garter,141,20T 0363859 UTM 5066893,NA,NA,"B_141,Bd_141",NA,NA,NA,NA,NA,NA,NA,1,C358,frozen,NA,NA
"Nepisquit Protected Natural Area,",2016-08-18,19T 0684252 UTM 5257796,NA,NA,2,"IA,JR",NA,NA,NA,NA,Maritime Garter,142,19T 0684252 UTM 5257796,NA,NA,"B_142,Bd_142",1,"L_142,Ld_142",NA,NA,NA,NA,NA,2,"C359,C360",frozen,NA,NA
Nepisiguit Protected Natural Area,2015-07-02,19T 0674595 UTM 5244548,NA,NA,2,"IA,JR",NA,NA,NA,NA,Maritime Garter,143,19T 0674595 UTM 5244548,NA,NA,"B_143,Bd_143",NA,NA,NA,NA,NA,NA,NA,1,C361,frozen,NA,NA
"highway 385, Little Tobique, 32.7 km ESE St Quentin",2015-07-05,19T 0653218 UTM 5257404,NA,NA,2,"IA,JR",NA,NA,NA,NA,Maritime Garter,144,19T 0653218 UTM 5257404,NA,NA,"B_144,Bd_144",NA,NA,NA,NA,NA,NA,NA,1,C362,frozen,NA,NA
"Big La Coote Stream, Spednic Lake PNA",2017-08-12,19T 0601498 UTM 5506118,NA,NA,2,"IA,JR",NA,NA,NA,NA,Red Bellied,145,19T 0614280 UTM 5067860,NA,NA,"B_145,Bd_145",NA,NA,NA,NA,NA,NA,NA,1,C363,frozen,NA,NA
Mary's Point,2011-09-23,20T 0363859 UTM 5066893,NA,NA,2,"IA,JR",NA,NA,NA,NA,Maritime Garter,146,20T 0363859 UTM 5066893,NA,NA,"B_146,Bd_146",NA,NA,NA,NA,NA,NA,NA,1,C364,frozen,NA,NA
.6 km W of summit of Mt. Elizabeth,2015-06-30,19T 0686103 UTM 5244367,NA,NA,2,"IA,JR",NA,NA,NA,NA,Maritime Garter,147,19T 0686103 UTM 5244367,NA,NA,"B_147,Bd_147",NA,NA,NA,NA,NA,NA,NA,2,"C365,C366",frozen,NA,NA
"Highway 101 next to UNB woodlot, 700m N of Trans Canada Highway overpass",2011-08-26,19T 0680785 UTM 5087211,NA,NA,2,"IA,JR",NA,NA,NA,NA,Smooth Greensnake,148,19T 0680785 UTM 5087211,NA,NA,"B_148,Bd_148",NA,NA,NA,NA,NA,NA,NA,1,C367,frozen,NA,NA
"Nepisquit Protected Natural Area,",2016-08-19,19T 0677219 UTM 5251051,NA,NA,2,"IA,JR",NA,NA,NA,NA,Maritime Garter,149,19T 0677219 UTM 5251051,NA,NA,"B_149,Bd_149",1,"L_149,Ld_149",NA,NA,NA,NA,NA,3,C368-C370,frozen,NA,NA
Moosehorn Park,2017,19T 0631993 UTM 4996468,NA,NA,2,"IA,JR",NA,NA,NA,NA,Maritime Garter,150,19T 0631993 UTM 4996468,NA,NA,"B_150,Bd_150",NA,NA,NA,NA,NA,NA,NA,1,C371,frozen,NA,NA
"Antinouri Lake, granite quarry",2009-06-23,20T 0277322 UTM 5297983,NA,NA,2,"IA,JR",NA,NA,NA,NA,Maritime Garter,151,20T 0277322 UTM 5297983,NA,NA,"B_151,Bd_151",NA,NA,NA,NA,NA,NA,NA,1,C372,frozen,NA,NA
Campobello Island,2016-09-26,19T 0663459 UTM 4972815,NA,NA,2,"IA,JR",NA,NA,NA,NA,Maritime Garter,152,19T 0663459 UTM 4972815,NA,NA,"B_152,Bd_152",NA,NA,NA,NA,NA,NA,NA,1,C373,frozen,NA,NA
Riverside-Albert,2015-09-03,20T 0365121 UTM 5067744,NA,NA,2,"IA,JR",NA,NA,NA,NA,Smooth Greensnake,153,20T 0365121 UTM 5067744,NA,NA,"B_153,Bd_153",5,"L_153,Ld_153",NA,NA,NA,NA,NA,2,"C374,C375",frozen,NA,NA
Mary's Point,NA,20T 0363859 UTM 5065904,NA,NA,2,"IA,JR",NA,NA,NA,NA,Red Bellied,154,20T 0363859 UTM 5065904,NA,NA,"B_154,Bd_154",NA,NA,NA,NA,NA,NA,NA,2,"C376,C377",frozen,NA,NA
"Fredericton, Hugh John Flemming Forestry Complex",2011-08-25,19T 0681731 UTM 5089117,NA,NA,2,"IA,JR",NA,NA,NA,NA,Maritime Garter,155,19T 0681731 UTM 5089117,NA,NA,"B_155,Bd_155",NA,NA,NA,NA,NA,NA,NA,1,C378,frozen,NA,NA
Mt Carleton picnic area,2015-06-30,19T 0665991 UTM 5250883,NA,NA,2,"IA,JR",NA,NA,NA,NA,Maritime Garter,156,19T 0665991 UTM 5250883,NA,NA,"B_156,Bd_156",NA,NA,NA,NA,NA,NA,NA,1,C379,frozen,NA,NA
Unknown ,NA,NA,NA,NA,NA,NA,NA,NA,NA,NA,Smooth Greensnake,157,NA,NA,NA,"B_157,Bd_157",NA,NA,NA,NA,NA,NA,NA,2,"C494,C495",frozen,NA,"No data on location given when at museam,not included in maps  portion of the data analysis."
Lloyd Railine,2022-07-21,20T 0400020 UTM 5081414,5,NA,2,"IA,AM",NA,NA,NA,NA,Unkown,158,20T 0400020 UTM 5081414,NA,NA,NA,NA,NA,NA,NA,NA,NA,NA,1,C493,skin,NA,"Shed from 055,no data physical data sheet for individual"